Herbal,Green,Mint,Foodlike,Vanilla,Woody,Animalic,Fruity,Citrus,Floral,Spicy,Camphoraceous
Nettle Flower,Bamboo,Peppermint,Hazelnut,Vanilla infusion,Orris root,Musk Cetone,Litchi,Bitter Orange,Ylang-ylang,Cardamom,Camphor wood
Basil,Green violet,Mint Leaves,Licorice,Bourbon vanilla,Flint accord,Musk notes,Cranberry,Citrus,Centiflora Rose,Spicy Notes,0.0
Tarragon,Wood notes,Iced Mint.,Calamus,Vanilla,Somalian myrrh,White musk,Green Banana,Pink grapefruit,Bulgarian Rose,Nutmeg,0.0
Basil,Basil,Spearmint,Tobacco,Soft vanilla,Wood notes,White musks,Wild berries,Mandarin Orange,Tuscan iris,Black Thyme,0.0
Peppermint,Clover Leaf,Mint,Cactus Flesh,Hint of Vanilla,Cedarwood,Laotian Oud Essence,Coconut,Italian winter lemon,Garden Roses,Pink Pepper,0.0
Davana,Cedarwood,Hesperedic Notes,Saffron,Vanilla orchid,Sambac jasmine,Oud,Fruity notes,Tangerine,Cassie,Cascarilla,0.0
Green Mandarin,Garden Roses,Frozen Cedrat,Almond blossoms,Bourbon Vanilla,Amirys wood,Musk,Red fruits,Kumquat,Mimosa,Clove,0.0
basil,Vetiver,Bitter Lemon Peel,Ebony.,Mayotte vanilla,Woody Notes,Leather,Cherry,Mandarin orange,Freesia petals,Aniseed,0.0
Candied Fruit,Black Thyme,Candied orange,French Vanilla,Madagascar vanilla,Opopanax,Hyacinth,Citron Zest,Amalfi lemon,Lily,Pink pepper,0.0
Shiso,Blackcurrant Leaves,Lime,Cinnamon,0.0,Jacarander Wood,Tonkin Musk,Pear Flower,Italian Bergamot,Ginger Lily,Grand Vert Basil,0.0
Quince,Green Banana,Sugar and Vanilla,Apple,0.0,Sandalwood,Vetyver,Apricot,Seville Orange,White Orchid,Indonesian Patchouli,0.0
Green Notes,Green tea leaves,Cardamom.,Gingerbread,0.0,Massoia bark,Mysore,Redcurrant,Mandarine,Jasmine,Hesperidic notes,0.0
Green Notes,Eucalyptus,White Pepper,Ginger,0.0,Woody,Somalian Incense,Red berries,Calabrain Bergamot,Everlasting flower,Jasmin sambac,0.0
Basil Leaves,Cedar Leaf,White Pepper,Black Pepper,0.0,Atlas Cedar,Frankincense,Blood orange,Mandarin Leaf,Tiare flower,Petitgrain.,0.0
Elem,Angelica,Black cherry,Hot Pepper,0.0,Cypress,Almond Wood,Blackberry,Sicilian orange,Geranium Leaves,Mimosa Leaf,0.0
Fresh Notes,Suede,0.0,Civet,0.0,New Caledonia sandalwood,0.0,Blueberry,Sicilian Tangerine,Magnolia,Hesperidian Notes,0.0
Iralia,Woody,0.0,Mace,0.0,Iris wood,0.0,Peach,Bigarade Orange,May Rose,Red Pepper,0.0
Basil.,Atlas Cedar,0.0,Syrax,0.0,Sandalwood,0.0,Yellow and green lemon,Winter Bergamot,Star Jasmine,Nutmeg,0.0
Powder,Cypress,0.0,Cistus,0.0,Sandalwood.,0.0,Cherry Blossom,Lemon,Wild Rose,Cinnamon,0.0
Pimento,Rosemary,0.0,Myrrh,0.0,Amyris wood,0.0,Water Lily,Sicilian lemon,Damascan rose,Cumin,0.0
Rosemary flower,Calamus,0.0,Ambrox,0.0,Driftwood,0.0,Cashmere Wood,Citron,Lentiscus.,Rhubarb Leaf.,0.0
Anise,Driftwood,0.0,Muguet,0.0,Rockrose,0.0,Apricot Rose,Sicilian Lemon,Carnation,Chinese ginger,0.0
Coriander,Maté,0.0,Virginia Cedar,0.0,Opoponaux,0.0,Agarwood,Sicilian mandarin,Sambac Jasmine,Clove,0.0
Tea,Florentine iris,0.0,Lilac,0.0,Tolu Balm,0.0,Black elder,Calabrian bergamot,Petals,Almond,0.0
Mint,Fir Trees,0.0,Rosebud,0.0,White cedar,0.0,Pear,Bergamot,White peony,Pallida,0.0
Artemisia,Sycamore,0.0,Cedarwood,0.0,Oak,0.0,Raspberry,Bitter Lemon Peel,Lily of the Valley (Muguet),Amarillys,0.0
Verbana,Banana accords,0.0,Patchouli,0.0,Woods,0.0,Pomegranate,Lime,Clary Sage,Mandrake root.,0.0
Lavender of Vaucluse,Green tea,0.0,Treemoss,0.0,Tonka bean and musk,0.0,Maxillaria orchid,Bigarade,Orange Flower,Jamaican Pepper,0.0
Chinese Galanga,Green notes,0.0,Oak moss,0.0,Virginia Cedar.,0.0,Hedione,Citrus notes,Orange Blossom,Star Anise crystals,0.0
Ivy leaves,Green Notes,0.0,Almond Blossom,0.0,Tonka,0.0,Clementine,Grapefruit,Peony,Clove Oil,0.0
Lavender,Hibiscus Seed,0.0,Honey,0.0,Warm woods,0.0,Star anise,Italian Lemon,Jasmine Absolute,Tonka bean,0.0
Aromatic,Magnolia leaf,0.0,Powdery Notes,0.0,Ambergris,0.0,Mango,Limette,Jasmin,Spices,0.0
Black pepper,Green Fig,0.0,Pineapple,0.0,Amber Notes,0.0,Melon,White Pepper,Rose,Sensual Note,0.0
Pepper,Violet Leaf Accord,0.0,Ozone aquatic accords,0.0,Hinoki,0.0,Blackcurrant bud,Hesperidic Notes,Orange,Cardamom.,0.0
Verbena,Grenadine,0.0,Apricot Stone,0.0,Gaiac Wood,0.0,Rum,0.0,Cocoa,White Pepper,0.0
Curcuma,Cool Grapefruit,0.0,Labdanum,0.0,Teak,0.0,Mandarin  from Calabria and Essence of Saffron,0.0,Frangipani,Coriander leaf,0.0
Thyme,Cassis,0.0,0.0,0.0,Gaiac wood,0.0,Vetiver from Haiti,0.0,Mimosa Blossom,0.0,0.0
Sage,Russian Leather,0.0,0.0,0.0,Cedarwood from China,0.0,Vétiver,0.0,Tonka,0.0,0.0
Juniper,Oakmoss,0.0,0.0,0.0,Blonde woods,0.0,Violets,0.0,Yellow and green lemon,0.0,0.0
Laurel,Exotic Spices,0.0,0.0,0.0,Oak wood absolute,0.0,Black pepper,0.0,White Orchid,0.0,0.0
0.0,Genista,0.0,0.0,0.0,Luminous Woody Base,0.0,Fig tree wood,0.0,Sweet pea,0.0,0.0
0.0,Scotch Pine,0.0,0.0,0.0,Buddleia,0.0,Caviar,0.0,Rose,0.0,0.0
0.0,Wood,0.0,0.0,0.0,Firbalsam,0.0,Lime,0.0,Tender Rose,0.0,0.0
0.0,Mineral Notes,0.0,0.0,0.0,Indian Jasmine,0.0,Mayrose,0.0,Silk Tree Flower,0.0,0.0
0.0,New Hedione,0.0,0.0,0.0,Silver Birch,0.0,Violetta-Rose,0.0,Narcissus,0.0,0.0
0.0,Pimento,0.0,0.0,0.0,Pear tree wood,0.0,Lychee,0.0,Bulgarian rose,0.0,0.0
0.0,Syringa,0.0,0.0,0.0,Cedarwood,0.0,0.0,0.0,Heliotrope,0.0,0.0
0.0,Cocoa,0.0,0.0,0.0,Sandal,0.0,0.0,0.0,Damascena rose,0.0,0.0
0.0,Frangipani,0.0,0.0,0.0,Wild Berries,0.0,0.0,0.0,Hyacinth,0.0,0.0
0.0,Mimosa Blossom,0.0,0.0,0.0,Plessis robinson rose,0.0,0.0,0.0,Turkish rose,0.0,0.0
0.0,Tonka,0.0,0.0,0.0,Pine,0.0,0.0,0.0,Jasmine Sambac,0.0,0.0
0.0,Capiscum,0.0,0.0,0.0,Chinese Cypriol,0.0,0.0,0.0,Damascus rose,0.0,0.0
0.0,Lemon tree leaves,0.0,0.0,0.0,Indonesia Patchouli,0.0,0.0,0.0,Almonds,0.0,0.0
0.0,Green accents,0.0,0.0,0.0,Elemi resin,0.0,0.0,0.0,Madagascar vanilla,0.0,0.0
0.0,Green freshness,0.0,0.0,0.0,Rhodes Wood,0.0,0.0,0.0,Bay Rose,0.0,0.0
0.0,Wild Reed,0.0,0.0,0.0,0.0,0.0,0.0,0.0,White leather accord,0.0,0.0
0.0,Ivy leaves,0.0,0.0,0.0,0.0,0.0,0.0,0.0,Damask Rose,0.0,0.0
0.0,Mango,0.0,0.0,0.0,0.0,0.0,0.0,0.0,Jasmine Sambac,0.0,0.0
0.0,Melon,0.0,0.0,0.0,0.0,0.0,0.0,0.0,Vetiver,0.0,0.0
0.0,Water jasmine,0.0,0.0,0.0,0.0,0.0,0.0,0.0,Floral notes,0.0,0.0
0.0,Water flowers,0.0,0.0,0.0,0.0,0.0,0.0,0.0,Night Queen Flower,0.0,0.0
0.0,Green,0.0,0.0,0.0,0.0,0.0,0.0,0.0,Water jasmine,0.0,0.0
0.0,Green and Fresh,0.0,0.0,0.0,0.0,0.0,0.0,0.0,Tiaré flower,0.0,0.0
0.0,Lily of the Valley,0.0,0.0,0.0,0.0,0.0,0.0,0.0,Orchid,0.0,0.0
0.0,Juniper Berry,0.0,0.0,0.0,0.0,0.0,0.0,0.0,Rose Bud,0.0,0.0
0.0,Violet leaf,0.0,0.0,0.0,0.0,0.0,0.0,0.0,Gardenia,0.0,0.0
0.0,Italian Jasmine,0.0,0.0,0.0,0.0,0.0,0.0,0.0,Lily of the valley-ylang-jasmin,0.0,0.0
0.0,Bitter Almond,0.0,0.0,0.0,0.0,0.0,0.0,0.0,Japanese wild rose,0.0,0.0
0.0,Caraway,0.0,0.0,0.0,0.0,0.0,0.0,0.0,Lily of the Valley,0.0,0.0
0.0,Animalic notes,0.0,0.0,0.0,0.0,0.0,0.0,0.0,Lenstiscus,0.0,0.0
0.0,Hesperidic Notes,0.0,0.0,0.0,0.0,0.0,0.0,0.0,Italian Jasmine,0.0,0.0
0.0,Grapefruit,0.0,0.0,0.0,0.0,0.0,0.0,0.0,Plessis robinson rose,0.0,0.0
0.0,Italian Lemon,0.0,0.0,0.0,0.0,0.0,0.0,0.0,Mayrose,0.0,0.0
0.0,Limette,0.0,0.0,0.0,0.0,0.0,0.0,0.0,Turkish Rose,0.0,0.0
0.0,Pine,0.0,0.0,0.0,0.0,0.0,0.0,0.0,Violetta-Rose,0.0,0.0
0.0,Blackcurrant,0.0,0.0,0.0,0.0,0.0,0.0,0.0,0.0,0.0,0.0
0.0,Boronia,0.0,0.0,0.0,0.0,0.0,0.0,0.0,0.0,0.0,0.0
0.0,Anethol,0.0,0.0,0.0,0.0,0.0,0.0,0.0,0.0,0.0,0.0
0.0,Black tea,0.0,0.0,0.0,0.0,0.0,0.0,0.0,0.0,0.0,0.0
0.0,Woody notes,0.0,0.0,0.0,0.0,0.0,0.0,0.0,0.0,0.0,0.0
0.0,Pine needles,0.0,0.0,0.0,0.0,0.0,0.0,0.0,0.0,0.0,0.0
0.0,Galbanum.,0.0,0.0,0.0,0.0,0.0,0.0,0.0,0.0,0.0,0.0
0.0,Asil,0.0,0.0,0.0,0.0,0.0,0.0,0.0,0.0,0.0,0.0
0.0,Lychee,0.0,0.0,0.0,0.0,0.0,0.0,0.0,0.0,0.0,0.0
0.0,White Musk Cocktail,0.0,0.0,0.0,0.0,0.0,0.0,0.0,0.0,0.0,0.0
0.0,Coriander leaf,0.0,0.0,0.0,0.0,0.0,0.0,0.0,0.0,0.0,0.0
